scope,stage,papers,scope_total,share_percent
artifacts,Perception,107,223,47.9821
artifacts,Prediction,83,223,37.2197
artifacts,Reasoning,23,223,10.3139
artifacts,Planning,65,223,29.1480
artifacts,Autonomy,0,223,0.0000
processes,Perception,39,116,33.6207
processes,Prediction,75,116,64.6552
processes,Reasoning,7,116,6.0345
processes,Planning,38,116,32.7586
processes,Autonomy,13,116,11.2069
equipment,Perception,30,49,61.2245
equipment,Prediction,23,49,46.9388
equipment,Reasoning,8,49,16.3265
equipment,Planning,11,49,22.4490
equipment,Autonomy,1,49,2.0408
production,Perception,2,55,3.6364
production,Prediction,19,55,34.5455
production,Reasoning,2,55,3.6364
production,Planning,38,55,69.0909
production,Autonomy,24,55,43.6364
fabs,Perception,2,32,6.2500
fabs,Prediction,18,32,56.2500
fabs,Reasoning,2,32,6.2500
fabs,Planning,27,32,84.3750
fabs,Autonomy,4,32,12.5000
