year,dimension,category,papers
1997,total,all,1
1997,scope,artifacts,0
1997,scope,processes,1
1997,scope,equipment,0
1997,scope,production,0
1997,scope,fabs,0
1997,stage,L1,1
1997,stage,L2,0
1997,stage,L3,0
1997,stage,L4,0
1997,stage,L5,0
1998,total,all,1
1998,scope,artifacts,0
1998,scope,processes,1
1998,scope,equipment,0
1998,scope,production,0
1998,scope,fabs,0
1998,stage,L1,0
1998,stage,L2,1
1998,stage,L3,0
1998,stage,L4,1
1998,stage,L5,0
1999,total,all,1
1999,scope,artifacts,0
1999,scope,processes,1
1999,scope,equipment,0
1999,scope,production,0
1999,scope,fabs,0
1999,stage,L1,1
1999,stage,L2,0
1999,stage,L3,0
1999,stage,L4,0
1999,stage,L5,0
2000,total,all,2
2000,scope,artifacts,0
2000,scope,processes,2
2000,scope,equipment,0
2000,scope,production,0
2000,scope,fabs,0
2000,stage,L1,1
2000,stage,L2,1
2000,stage,L3,0
2000,stage,L4,1
2000,stage,L5,0
2001,total,all,1
2001,scope,artifacts,0
2001,scope,processes,1
2001,scope,equipment,0
2001,scope,production,0
2001,scope,fabs,0
2001,stage,L1,1
2001,stage,L2,0
2001,stage,L3,0
2001,stage,L4,0
2001,stage,L5,0
2002,total,all,0
2002,scope,artifacts,0
2002,scope,processes,0
2002,scope,equipment,0
2002,scope,production,0
2002,scope,fabs,0
2002,stage,L1,0
2002,stage,L2,0
2002,stage,L3,0
2002,stage,L4,0
2002,stage,L5,0
2003,total,all,3
2003,scope,artifacts,0
2003,scope,processes,1
2003,scope,equipment,0
2003,scope,production,2
2003,scope,fabs,0
2003,stage,L1,1
2003,stage,L2,0
2003,stage,L3,0
2003,stage,L4,2
2003,stage,L5,1
2004,total,all,0
2004,scope,artifacts,0
2004,scope,processes,0
2004,scope,equipment,0
2004,scope,production,0
2004,scope,fabs,0
2004,stage,L1,0
2004,stage,L2,0
2004,stage,L3,0
2004,stage,L4,0
2004,stage,L5,0
2005,total,all,1
2005,scope,artifacts,0
2005,scope,processes,0
2005,scope,equipment,0
2005,scope,production,0
2005,scope,fabs,1
2005,stage,L1,0
2005,stage,L2,0
2005,stage,L3,0
2005,stage,L4,1
2005,stage,L5,0
2006,total,all,2
2006,scope,artifacts,0
2006,scope,processes,1
2006,scope,equipment,0
2006,scope,production,1
2006,scope,fabs,0
2006,stage,L1,1
2006,stage,L2,1
2006,stage,L3,0
2006,stage,L4,0
2006,stage,L5,0
2007,total,all,5
2007,scope,artifacts,1
2007,scope,processes,1
2007,scope,equipment,0
2007,scope,production,0
2007,scope,fabs,3
2007,stage,L1,1
2007,stage,L2,3
2007,stage,L3,1
2007,stage,L4,3
2007,stage,L5,1
2008,total,all,2
2008,scope,artifacts,0
2008,scope,processes,1
2008,scope,equipment,0
2008,scope,production,1
2008,scope,fabs,0
2008,stage,L1,0
2008,stage,L2,2
2008,stage,L3,0
2008,stage,L4,2
2008,stage,L5,1
2009,total,all,3
2009,scope,artifacts,0
2009,scope,processes,2
2009,scope,equipment,1
2009,scope,production,0
2009,scope,fabs,0
2009,stage,L1,2
2009,stage,L2,1
2009,stage,L3,2
2009,stage,L4,0
2009,stage,L5,0
2010,total,all,2
2010,scope,artifacts,0
2010,scope,processes,2
2010,scope,equipment,0
2010,scope,production,0
2010,scope,fabs,0
2010,stage,L1,1
2010,stage,L2,1
2010,stage,L3,0
2010,stage,L4,0
2010,stage,L5,0
2011,total,all,7
2011,scope,artifacts,1
2011,scope,processes,2
2011,scope,equipment,0
2011,scope,production,4
2011,scope,fabs,0
2011,stage,L1,1
2011,stage,L2,5
2011,stage,L3,0
2011,stage,L4,3
2011,stage,L5,1
2012,total,all,7
2012,scope,artifacts,0
2012,scope,processes,4
2012,scope,equipment,3
2012,scope,production,0
2012,scope,fabs,0
2012,stage,L1,1
2012,stage,L2,6
2012,stage,L3,1
2012,stage,L4,3
2012,stage,L5,1
2013,total,all,6
2013,scope,artifacts,1
2013,scope,processes,4
2013,scope,equipment,0
2013,scope,production,1
2013,scope,fabs,0
2013,stage,L1,3
2013,stage,L2,3
2013,stage,L3,0
2013,stage,L4,4
2013,stage,L5,3
2014,total,all,7
2014,scope,artifacts,1
2014,scope,processes,5
2014,scope,equipment,1
2014,scope,production,0
2014,scope,fabs,0
2014,stage,L1,3
2014,stage,L2,4
2014,stage,L3,3
2014,stage,L4,0
2014,stage,L5,0
2015,total,all,5
2015,scope,artifacts,2
2015,scope,processes,2
2015,scope,equipment,1
2015,scope,production,0
2015,scope,fabs,0
2015,stage,L1,2
2015,stage,L2,3
2015,stage,L3,0
2015,stage,L4,2
2015,stage,L5,0
2016,total,all,5
2016,scope,artifacts,1
2016,scope,processes,2
2016,scope,equipment,0
2016,scope,production,0
2016,scope,fabs,2
2016,stage,L1,1
2016,stage,L2,2
2016,stage,L3,0
2016,stage,L4,2
2016,stage,L5,0
2017,total,all,10
2017,scope,artifacts,2
2017,scope,processes,6
2017,scope,equipment,0
2017,scope,production,1
2017,scope,fabs,1
2017,stage,L1,7
2017,stage,L2,3
2017,stage,L3,1
2017,stage,L4,1
2017,stage,L5,0
2018,total,all,22
2018,scope,artifacts,9
2018,scope,processes,6
2018,scope,equipment,3
2018,scope,production,3
2018,scope,fabs,1
2018,stage,L1,8
2018,stage,L2,14
2018,stage,L3,1
2018,stage,L4,5
2018,stage,L5,2
2019,total,all,28
2019,scope,artifacts,18
2019,scope,processes,6
2019,scope,equipment,1
2019,scope,production,2
2019,scope,fabs,1
2019,stage,L1,6
2019,stage,L2,18
2019,stage,L3,2
2019,stage,L4,10
2019,stage,L5,2
2020,total,all,33
2020,scope,artifacts,21
2020,scope,processes,6
2020,scope,equipment,2
2020,scope,production,4
2020,scope,fabs,0
2020,stage,L1,13
2020,stage,L2,14
2020,stage,L3,2
2020,stage,L4,13
2020,stage,L5,3
2021,total,all,40
2021,scope,artifacts,21
2021,scope,processes,10
2021,scope,equipment,3
2021,scope,production,4
2021,scope,fabs,2
2021,stage,L1,16
2021,stage,L2,22
2021,stage,L3,1
2021,stage,L4,12
2021,stage,L5,3
2022,total,all,54
2022,scope,artifacts,26
2022,scope,processes,14
2022,scope,equipment,5
2022,scope,production,5
2022,scope,fabs,4
2022,stage,L1,20
2022,stage,L2,23
2022,stage,L3,3
2022,stage,L4,16
2022,stage,L5,3
2023,total,all,35
2023,scope,artifacts,21
2023,scope,processes,3
2023,scope,equipment,7
2023,scope,production,3
2023,scope,fabs,1
2023,stage,L1,23
2023,stage,L2,9
2023,stage,L3,2
2023,stage,L4,10
2023,stage,L5,1
2024,total,all,40
2024,scope,artifacts,21
2024,scope,processes,9
2024,scope,equipment,5
2024,scope,production,5
2024,scope,fabs,0
2024,stage,L1,16
2024,stage,L2,14
2024,stage,L3,3
2024,stage,L4,16
2024,stage,L5,3
2025,total,all,84
2025,scope,artifacts,44
2025,scope,processes,14
2025,scope,equipment,10
2025,scope,production,10
2025,scope,fabs,6
2025,stage,L1,25
2025,stage,L2,42
2025,stage,L3,11
2025,stage,L4,40
2025,stage,L5,8
2026,total,all,68
2026,scope,artifacts,33
2026,scope,processes,9
2026,scope,equipment,7
2026,scope,production,9
2026,scope,fabs,10
2026,stage,L1,25
2026,stage,L2,26
2026,stage,L3,9
2026,stage,L4,32
2026,stage,L5,9
